Crylock, 1c2975dd464d014502a46ba6383943c7de4635e3664011653217dc424d53f8fe
Crylock, 4721ca6f9ae9a8b8ff14f4192dc5b8324d3240c1e69c090da2453626b944fddf
Crylock, 642f2a522839cd364d541c4be28dae3f69ff2d0d8ea4e81c205a393b5aa07329
Crylock, 6bc21092f49a473b0fd4d1e1a77ce5d7e97e961334764b606b7014710fb75466
Crylock, 806646c2f0b6954633d97fecc19c8c5be46bb2ed7211b29f62c97f3de8404c10
Crylock, 94a0b08d785e8f2d109dc5e34e1d9c1e8985a278bf3c11bc7a28a8f0b48b95d7
Crylock, c95a1e69c436f8441838500169d2e7c4fe409ef3a9435d65e4f7afcf78a3efb2
Crylock_hta, 177df15dda07f6757d6c49ec541b04442e8bcf5fe212e3250203e3509b5859ad
Crylock_hta, 29e50270b7b49c904e098af08642dc77f1e8c188bf17e394fb6e34b19c6806e3
Crylock_hta, 2c94631e902331f9d50372f802ad40c470d72ee61d512d8104a90f3d3ad60de2
Crylock_hta, 3f5e37daede95ce8627214b098859df202810cfda0d49032424827c986aac2d7
Crylock_hta, 4128e47fc6ad5f73aa150126d6d7d7cc5dc34a7868e10e7bcfae8ee85de3048d
Crylock_hta, 4fa7f7c84f16854ce433070fe955b4b84de9b026bb4e0daa8d269766f0da8e99
Crylock_hta, 52731dfc77f97aa91a4f4d50d3139041cb0b7a1134cdfbcca0b0d47c9c26a6ce
Crylock_hta, 61fb9484c65cd0a17227f5985e85715ef4b931ceae5fdef0a9c9c6f5c9926561
Crylock_hta, 6e874443af13b5b403ddaf3ccf44501f83d42cdf137528ec93df81fd35557097
Crylock_hta, 6f90f4c7a28a615725e9fef028e193ca2975c29f136cfa1542028b567d600363
Crylock_hta, 7e95db4dd92065c0b40990a5c657d0ac63e36ac0e21a32fae722bdc8d2a9b601
Crylock_hta, 920ab53cd18571605b40ad786e9cbafd896cd3cbfec9bd9b2580d2a1f09b05b9
Crylock_hta, a107bcdb97a93f26dd07db3f82b8cecf1eb8a6d372b0d2eed45dcc5ca8c2e45d
Crylock_hta, a3a50580680c16cfec468573698a57966817e01d877da90868d5be570794e870
Crylock_hta, a4e09188f72d79f1d62815f52d0a817687e9e5911fa2d855f325de0fdf0e7f83
Crylock_hta, cb8b0572fff358624785e886de619a472eca7df4b90ad846e1960a7f2915e84c
Crylock_hta, d6de3f3a1cbd9acef2fb25a65ad230d31588e65b9fcee66284b3e1a9939c78d3
Crylock_hta, daa02c4b05af30cdc78871a4514caa013199826d69d5b27f13e6b3d475dda079
Crylock_hta, df3d071918bf0498484e42403cf224cadf1df42a38b1fdfcee77d2901b605129
Crylock_hta, e1271aed849eed7bcd5a847ba8332a7e90591ea810e7fab9748ffb7cc591a22a
Crylock_hta, f8f26d20ed6aaf927e5cd84f029a1fbeaeda39d0188d61842fdb42bd2db2d773
Crylock_hta, fbc20b3516f4c55a8ffd9316c3735c695e2d3219b18b02a5ba33bc1dc9aab7a6
Crylock_hta, fe895e01b33517d395e48a1c56df28b7dc6a3c196b4a186a03d69fe4dbcfa333
RAN_CryLock_Oct_2020_1, 44e594632e78515062e3902ca2f96e34aa35d7fce8801844da0688200366852e
RAN_CryLock_Oct_2020_1, 81ab47474ad3de617c3d3bad2f38220fe8223dbb7e1a52ed3b2c9ad011a15644
RAN_CryLock_Oct_2020_1, 8bd51f80484f98f2d71eb14c0f2084a97ee72d4cd6e51630106f682659a1f6b9
RAN_CryLock_Oct_2020_1, add97b9f3a31ea9378c27967afd5a887ebdb369582179e92a7f62cb2188a7165
RAN_CryLock_Oct_2020_1, d7ae3a2696e390b57c67a22cef9555656243682a19e2b941455030f40d6ffe94
RAN_CryLock_Oct_2020_1, e001f6a5b2d4d2659b010fb5825eb4383e8f415861a244329bc70cfcd18da507
CryLock_Search_Keys, 66772c2608d0114b7d45410462c5d1d77da791541dab8955f727b515a599ed75
CryLock_Search_Keys_Zip, 217a4316fc00317a6b6bce3f1e21dba7701b7a83d0993019ebdf3185ab86ddb9